/* Insättningar i tabellen STORES */

INSERT INTO STORES (STORENO, STORENAME, TELEPHONE, STREET, HOUSENO, POSTALCODE, CITY) VALUES (1, 'VIDEO HAMNEN', '040112233', 'HAMNGATAN', 1, 21425, 'MALMÖ');
INSERT INTO STORES (STORENO, STORENAME, TELEPHONE, STREET, HOUSENO, POSTALCODE, CITY) VALUES (2, 'VIDEO TORGET', '040112244', 'TORGGATAN', 1, 21435, 'MALMÖ');
INSERT INTO STORES (STORENO, STORENAME, TELEPHONE, STREET, HOUSENO, POSTALCODE, CITY) VALUES (3, 'VIDEO PARKEN', '040112255', 'PARKGATAN', 1, 21445, 'MALMÖ');

/* Insättningar i tabellen EMPLOYEES.
Funktionen: 
str_to_date(string_data, format) 

formaterar en sträng till ett angivet datum format, läs mer här:
http://dev.mysql.com/doc/refman/5.0/en/date-and-time-functions.html
*/

INSERT INTO EMPLOYEES (EMPLOYEENO, STORENO, SALARY, EMPLOYEENAME, STOREROLE) VALUES (7839, 1, 5000, 'KING', 'PRESIDENT');
INSERT INTO EMPLOYEES (EMPLOYEENO, STORENO, SALARY, EMPLOYEENAME, STOREROLE) VALUES (7698, 1, 2850, 'BLAKE', 'MANAGER');
INSERT INTO EMPLOYEES (EMPLOYEENO, STORENO, SALARY, EMPLOYEENAME, STOREROLE) VALUES (7782, 3, 2450, 'CLARK', 'MANAGER');
INSERT INTO EMPLOYEES (EMPLOYEENO, STORENO, SALARY, EMPLOYEENAME, STOREROLE) VALUES (7566, 1, 2975, 'JONES', 'MANAGER');
INSERT INTO EMPLOYEES (EMPLOYEENO, STORENO, SALARY, EMPLOYEENAME, STOREROLE) VALUES (7654, 2, 1250, 'MARTIN', 'SALESMAN');
INSERT INTO EMPLOYEES (EMPLOYEENO, STORENO, SALARY, EMPLOYEENAME, STOREROLE) VALUES (7499, 1, 1600, 'ALLEN', 'SALESMAN');
INSERT INTO EMPLOYEES (EMPLOYEENO, STORENO, SALARY, EMPLOYEENAME, STOREROLE) VALUES (7844, 1, 1500, 'TURNER', 'SALESMAN');
INSERT INTO EMPLOYEES (EMPLOYEENO, STORENO, SALARY, EMPLOYEENAME, STOREROLE) VALUES (7900, 2, 950, 'JAMES', 'CLERK');
INSERT INTO EMPLOYEES (EMPLOYEENO, STORENO, SALARY, EMPLOYEENAME, STOREROLE) VALUES (7521, 1, 1250, 'WARD', 'SALESMAN');
INSERT INTO EMPLOYEES (EMPLOYEENO, STORENO, SALARY, EMPLOYEENAME, STOREROLE) VALUES (7902, 1, 3000, 'FORD', 'ANALYST');
INSERT INTO EMPLOYEES (EMPLOYEENO, STORENO, SALARY, EMPLOYEENAME, STOREROLE) VALUES (7369, 3, 800, 'SMITH', 'CLERK');
INSERT INTO EMPLOYEES (EMPLOYEENO, STORENO, SALARY, EMPLOYEENAME, STOREROLE) VALUES (7788, 1, 3000, 'SCOTT', 'ANALYST');
INSERT INTO EMPLOYEES (EMPLOYEENO, STORENO, SALARY, EMPLOYEENAME, STOREROLE) VALUES (7876, 2, 1100, 'ADAMS', 'CLERK');
INSERT INTO EMPLOYEES (EMPLOYEENO, STORENO, SALARY, EMPLOYEENAME, STOREROLE) VALUES (7934, 1, 1300, 'MILLER', 'CLERK');

/* Insättningar i tabellen MEMBERS*/

INSERT INTO MEMBERS (MEMBERNO, STORENO, MEMBERNAME, STARTDATE, STREET, HOUSENO, POSTALCODE, CITY) VALUES (1111, 1, "JACOP", STR_TO_DATE('17-Nov-2014','%e-%M-%Y'), 'MEDLEMSGATAN', 1, 21413, 'MALMOE');
INSERT INTO MEMBERS VALUES (1112, 1, "JAHANN", STR_TO_DATE('11-Dec-2017','%e-%M-%Y'), 'MEDLEMSGATAN', 2, 21413, 'MALMOE');
INSERT INTO MEMBERS VALUES (1113, 2, "FILIPH", STR_TO_DATE('07-Mar-2019','%e-%M-%Y'), 'MEDLEMSGATAN', 3, 21413, 'MALMOE');
INSERT INTO MEMBERS VALUES (1114, 3, "DIVANA", STR_TO_DATE('20-JUN-2011','%e-%M-%Y'), 'TRESTEGSGATAN', 12, 21417, 'MALMOE');

/* Insättningar i tabellen MOVIES*/

INSERT INTO MOVIES VALUES (6882604, 'ARCHIVE', 1.49);
INSERT INTO MOVIES VALUES (1630029, 'AVATAR', 3.12);
INSERT INTO MOVIES VALUES (1160419, 'DUNE', 2.35);
INSERT INTO MOVIES VALUES (2070608, 'ROBIN HOOD', 0.53);

/*Insättningar i tabellen GENRES*/

INSERT INTO GENRES VALUES (6882604, 'SCIFI');
INSERT INTO GENRES VALUES (6882604, 'MYSTERY');
INSERT INTO GENRES VALUES (6882604, 'DRAMA');
INSERT INTO GENRES VALUES (1630029, 'ACTION');
INSERT INTO GENRES VALUES (1630029, 'ADVENTURE');
INSERT INTO GENRES VALUES (1630029, 'FANTASY');
INSERT INTO GENRES VALUES (1160419, 'ACTION');
INSERT INTO GENRES VALUES (1160419, 'ADVENTURE');
INSERT INTO GENRES VALUES (1160419, 'DRAMA');
INSERT INTO GENRES VALUES (2070608, 'ANIMATION');
INSERT INTO GENRES VALUES (2070608, 'ADVENTURE');
INSERT INTO GENRES VALUES (2070608, 'COMEDY');

/*Insättningar i tabellen MOVIESTAFF*/

INSERT INTO MOVIESTAFF VALUES (2707210, "G. ROTHERY");
INSERT INTO MOVIESTAFF VALUES (3772243, "T. JAMES");